Block Row,Block Column,Status
0,0,Same
0,1,Same
0,2,Same
0,3,Same
0,4,Restored
0,5,Restored
0,6,Restored
0,7,Restored
0,8,Restored
0,9,Restored
0,10,Restored
0,11,Restored
0,12,Restored
0,13,Restored
0,14,Restored
0,15,Restored
0,16,Restored
0,17,Restored
0,18,Restored
0,19,Restored
0,20,Restored
0,21,Restored
0,22,Restored
0,23,Restored
0,24,Restored
0,25,Restored
0,26,Restored
0,27,Restored
0,28,Restored
0,29,Restored
0,30,Restored
0,31,Restored
0,32,Restored
0,33,Same
0,34,Same
0,35,Same
0,36,Same
0,37,Same
0,38,Same
0,39,Same
0,40,Same
0,41,Same
0,42,Same
0,43,Same
0,44,Restored
0,45,Same
0,46,Same
0,47,Same
0,48,Same
0,49,Same
0,50,Same
0,51,Same
0,52,Restored
0,53,Restored
0,54,Outage
0,55,Outage
0,56,Restored
0,57,Restored
0,58,Restored
0,59,Restored
0,60,Restored
0,61,Restored
0,62,Restored
0,63,Restored
1,0,Same
1,1,Same
1,2,Same
1,3,Same
1,4,Same
1,5,Restored
1,6,Outage
1,7,Outage
1,8,Restored
1,9,Restored
1,10,Restored
1,11,Restored
1,12,Restored
1,13,Restored
1,14,Restored
1,15,Restored
1,16,Restored
1,17,Restored
1,18,Restored
1,19,Restored
1,20,Restored
1,21,Restored
1,22,Restored
1,23,Restored
1,24,Restored
1,25,Restored
1,26,Restored
1,27,Restored
1,28,Restored
1,29,Restored
1,30,Restored
1,31,Restored
1,32,Restored
1,33,Same
1,34,Same
1,35,Same
1,36,Same
1,37,Same
1,38,Same
1,39,Same
1,40,Same
1,41,Same
1,42,Same
1,43,Same
1,44,Same
1,45,Same
1,46,Same
1,47,Same
1,48,Restored
1,49,Restored
1,50,Restored
1,51,Restored
1,52,Restored
1,53,Restored
1,54,Restored
1,55,Restored
1,56,Restored
1,57,Restored
1,58,Restored
1,59,Restored
1,60,Restored
1,61,Restored
1,62,Restored
1,63,Restored
2,0,Same
2,1,Same
2,2,Restored
2,3,Restored
2,4,Restored
2,5,Restored
2,6,Restored
2,7,Restored
2,8,Restored
2,9,Restored
2,10,Restored
2,11,Restored
2,12,Restored
2,13,Restored
2,14,Restored
2,15,Restored
2,16,Restored
2,17,Restored
2,18,Restored
2,19,Restored
2,20,Restored
2,21,Restored
2,22,Restored
2,23,Restored
2,24,Restored
2,25,Restored
2,26,Restored
2,27,Restored
2,28,Restored
2,29,Restored
2,30,Restored
2,31,Restored
2,32,Same
2,33,Same
2,34,Same
2,35,Same
2,36,Same
2,37,Same
2,38,Restored
2,39,Restored
2,40,Restored
2,41,Same
2,42,Same
2,43,Same
2,44,Same
2,45,Same
2,46,Same
2,47,Same
2,48,Restored
2,49,Restored
2,50,Restored
2,51,Restored
2,52,Restored
2,53,Restored
2,54,Restored
2,55,Restored
2,56,Restored
2,57,Restored
2,58,Restored
2,59,Restored
2,60,Outage
2,61,Restored
2,62,Restored
2,63,Outage
3,0,Restored
3,1,Same
3,2,Restored
3,3,Restored
3,4,Restored
3,5,Restored
3,6,Restored
3,7,Restored
3,8,Restored
3,9,Restored
3,10,Restored
3,11,Restored
3,12,Restored
3,13,Restored
3,14,Restored
3,15,Restored
3,16,Restored
3,17,Restored
3,18,Restored
3,19,Restored
3,20,Restored
3,21,Outage
3,22,Outage
3,23,Restored
3,24,Restored
3,25,Restored
3,26,Restored
3,27,Restored
3,28,Restored
3,29,Restored
3,30,Restored
3,31,Restored
3,32,Same
3,33,Same
3,34,Same
3,35,Same
3,36,Same
3,37,Same
3,38,Restored
3,39,Restored
3,40,Restored
3,41,Same
3,42,Same
3,43,Same
3,44,Same
3,45,Restored
3,46,Restored
3,47,Same
3,48,Restored
3,49,Restored
3,50,Restored
3,51,Restored
3,52,Restored
3,53,Restored
3,54,Restored
3,55,Restored
3,56,Restored
3,57,Restored
3,58,Restored
3,59,Restored
3,60,Restored
3,61,Restored
3,62,Outage
3,63,Outage
4,0,Same
4,1,Same
4,2,Same
4,3,Restored
4,4,Restored
4,5,Restored
4,6,Restored
4,7,Restored
4,8,Restored
4,9,Restored
4,10,Restored
4,11,Restored
4,12,Restored
4,13,Restored
4,14,Restored
4,15,Restored
4,16,Outage
4,17,Outage
4,18,Outage
4,19,Restored
4,20,Restored
4,21,Restored
4,22,Restored
4,23,Restored
4,24,Outage
4,25,Restored
4,26,Restored
4,27,Restored
4,28,Restored
4,29,Restored
4,30,Restored
4,31,Restored
4,32,Restored
4,33,Same
4,34,Same
4,35,Same
4,36,Restored
4,37,Restored
4,38,Same
4,39,Restored
4,40,Restored
4,41,Same
4,42,Same
4,43,Same
4,44,Restored
4,45,Restored
4,46,Restored
4,47,Restored
4,48,Restored
4,49,Restored
4,50,Restored
4,51,Restored
4,52,Restored
4,53,Restored
4,54,Restored
4,55,Restored
4,56,Restored
4,57,Restored
4,58,Restored
4,59,Restored
4,60,Restored
4,61,Restored
4,62,Restored
4,63,Restored
5,0,Same
5,1,Restored
5,2,Restored
5,3,Restored
5,4,Restored
5,5,Restored
5,6,Restored
5,7,Restored
5,8,Restored
5,9,Restored
5,10,Restored
5,11,Restored
5,12,Restored
5,13,Restored
5,14,Restored
5,15,Restored
5,16,Restored
5,17,Outage
5,18,Outage
5,19,Restored
5,20,Restored
5,21,Restored
5,22,Restored
5,23,Outage
5,24,Outage
5,25,Restored
5,26,Restored
5,27,Restored
5,28,Restored
5,29,Restored
5,30,Restored
5,31,Restored
5,32,Restored
5,33,Restored
5,34,Restored
5,35,Restored
5,36,Restored
5,37,Restored
5,38,Same
5,39,Restored
5,40,Same
5,41,Same
5,42,Same
5,43,Restored
5,44,Restored
5,45,Restored
5,46,Outage
5,47,Restored
5,48,Restored
5,49,Restored
5,50,Restored
5,51,Restored
5,52,Restored
5,53,Restored
5,54,Restored
5,55,Restored
5,56,Restored
5,57,Restored
5,58,Restored
5,59,Restored
5,60,Restored
5,61,Restored
5,62,Restored
5,63,Restored
6,0,Restored
6,1,Restored
6,2,Restored
6,3,Restored
6,4,Restored
6,5,Restored
6,6,Restored
6,7,Restored
6,8,Restored
6,9,Restored
6,10,Restored
6,11,Restored
6,12,Restored
6,13,Restored
6,14,Restored
6,15,Restored
6,16,Restored
6,17,Restored
6,18,Restored
6,19,Restored
6,20,Restored
6,21,Restored
6,22,Restored
6,23,Restored
6,24,Restored
6,25,Restored
6,26,Restored
6,27,Restored
6,28,Restored
6,29,Restored
6,30,Restored
6,31,Outage
6,32,Restored
6,33,Restored
6,34,Restored
6,35,Same
6,36,Restored
6,37,Restored
6,38,Restored
6,39,Same
6,40,Same
6,41,Restored
6,42,Same
6,43,Restored
6,44,Restored
6,45,Outage
6,46,Outage
6,47,Restored
6,48,Restored
6,49,Restored
6,50,Restored
6,51,Restored
6,52,Restored
6,53,Restored
6,54,Restored
6,55,Restored
6,56,Restored
6,57,Restored
6,58,Restored
6,59,Restored
6,60,Restored
6,61,Restored
6,62,Restored
6,63,Outage
7,0,Restored
7,1,Restored
7,2,Restored
7,3,Restored
7,4,Restored
7,5,Restored
7,6,Restored
7,7,Restored
7,8,Restored
7,9,Restored
7,10,Restored
7,11,Restored
7,12,Restored
7,13,Restored
7,14,Restored
7,15,Restored
7,16,Restored
7,17,Restored
7,18,Restored
7,19,Restored
7,20,Restored
7,21,Restored
7,22,Restored
7,23,Restored
7,24,Restored
7,25,Restored
7,26,Restored
7,27,Restored
7,28,Restored
7,29,Restored
7,30,Restored
7,31,Restored
7,32,Restored
7,33,Restored
7,34,Restored
7,35,Same
7,36,Restored
7,37,Same
7,38,Restored
7,39,Restored
7,40,Restored
7,41,Restored
7,42,Restored
7,43,Restored
7,44,Restored
7,45,Outage
7,46,Restored
7,47,Restored
7,48,Restored
7,49,Restored
7,50,Outage
7,51,Restored
7,52,Restored
7,53,Restored
7,54,Restored
7,55,Restored
7,56,Restored
7,57,Restored
7,58,Restored
7,59,Restored
7,60,Outage
7,61,Outage
7,62,Restored
7,63,Outage
8,0,Restored
8,1,Restored
8,2,Restored
8,3,Restored
8,4,Restored
8,5,Restored
8,6,Restored
8,7,Restored
8,8,Restored
8,9,Restored
8,10,Restored
8,11,Restored
8,12,Restored
8,13,Restored
8,14,Outage
8,15,Restored
8,16,Restored
8,17,Restored
8,18,Restored
8,19,Restored
8,20,Restored
8,21,Restored
8,22,Restored
8,23,Restored
8,24,Restored
8,25,Restored
8,26,Restored
8,27,Restored
8,28,Restored
8,29,Restored
8,30,Restored
8,31,Restored
8,32,Restored
8,33,Restored
8,34,Restored
8,35,Restored
8,36,Restored
8,37,Restored
8,38,Restored
8,39,Restored
8,40,Restored
8,41,Restored
8,42,Restored
8,43,Restored
8,44,Restored
8,45,Restored
8,46,Restored
8,47,Restored
8,48,Restored
8,49,Restored
8,50,Restored
8,51,Restored
8,52,Restored
8,53,Restored
8,54,Restored
8,55,Restored
8,56,Restored
8,57,Restored
8,58,Restored
8,59,Outage
8,60,Outage
8,61,Outage
8,62,Restored
8,63,Outage
9,0,Restored
9,1,Restored
9,2,Restored
9,3,Restored
9,4,Restored
9,5,Restored
9,6,Restored
9,7,Restored
9,8,Restored
9,9,Restored
9,10,Restored
9,11,Restored
9,12,Restored
9,13,Restored
9,14,Restored
9,15,Restored
9,16,Restored
9,17,Restored
9,18,Restored
9,19,Restored
9,20,Outage
9,21,Restored
9,22,Restored
9,23,Restored
9,24,Restored
9,25,Restored
9,26,Restored
9,27,Restored
9,28,Restored
9,29,Restored
9,30,Restored
9,31,Restored
9,32,Restored
9,33,Outage
9,34,Outage
9,35,Restored
9,36,Restored
9,37,Restored
9,38,Restored
9,39,Restored
9,40,Restored
9,41,Restored
9,42,Restored
9,43,Restored
9,44,Restored
9,45,Restored
9,46,Restored
9,47,Restored
9,48,Restored
9,49,Restored
9,50,Restored
9,51,Restored
9,52,Restored
9,53,Restored
9,54,Restored
9,55,Restored
9,56,Restored
9,57,Outage
9,58,Outage
9,59,Outage
9,60,Outage
9,61,Outage
9,62,Restored
9,63,Restored
10,0,Restored
10,1,Restored
10,2,Restored
10,3,Restored
10,4,Restored
10,5,Restored
10,6,Restored
10,7,Restored
10,8,Restored
10,9,Restored
10,10,Restored
10,11,Restored
10,12,Restored
10,13,Restored
10,14,Restored
10,15,Restored
10,16,Restored
10,17,Restored
10,18,Restored
10,19,Outage
10,20,Outage
10,21,Restored
10,22,Restored
10,23,Restored
10,24,Restored
10,25,Restored
10,26,Restored
10,27,Restored
10,28,Restored
10,29,Restored
10,30,Restored
10,31,Restored
10,32,Restored
10,33,Restored
10,34,Restored
10,35,Restored
10,36,Restored
10,37,Restored
10,38,Restored
10,39,Restored
10,40,Restored
10,41,Restored
10,42,Restored
10,43,Restored
10,44,Restored
10,45,Restored
10,46,Restored
10,47,Restored
10,48,Restored
10,49,Restored
10,50,Restored
10,51,Restored
10,52,Restored
10,53,Restored
10,54,Restored
10,55,Restored
10,56,Outage
10,57,Outage
10,58,Outage
10,59,Outage
10,60,Outage
10,61,Outage
10,62,Restored
10,63,Restored
11,0,Restored
11,1,Restored
11,2,Restored
11,3,Restored
11,4,Restored
11,5,Restored
11,6,Outage
11,7,Restored
11,8,Restored
11,9,Restored
11,10,Restored
11,11,Restored
11,12,Restored
11,13,Restored
11,14,Restored
11,15,Restored
11,16,Restored
11,17,Restored
11,18,Restored
11,19,Restored
11,20,Restored
11,21,Restored
11,22,Restored
11,23,Restored
11,24,Restored
11,25,Restored
11,26,Restored
11,27,Restored
11,28,Restored
11,29,Restored
11,30,Restored
11,31,Restored
11,32,Restored
11,33,Restored
11,34,Restored
11,35,Restored
11,36,Restored
11,37,Restored
11,38,Restored
11,39,Restored
11,40,Restored
11,41,Restored
11,42,Restored
11,43,Restored
11,44,Restored
11,45,Restored
11,46,Restored
11,47,Restored
11,48,Restored
11,49,Restored
11,50,Restored
11,51,Restored
11,52,Restored
11,53,Restored
11,54,Restored
11,55,Restored
11,56,Outage
11,57,Outage
11,58,Outage
11,59,Restored
11,60,Restored
11,61,Restored
11,62,Restored
11,63,Restored
12,0,Restored
12,1,Restored
12,2,Restored
12,3,Restored
12,4,Restored
12,5,Restored
12,6,Outage
12,7,Restored
12,8,Restored
12,9,Restored
12,10,Restored
12,11,Restored
12,12,Restored
12,13,Restored
12,14,Restored
12,15,Restored
12,16,Restored
12,17,Restored
12,18,Restored
12,19,Restored
12,20,Restored
12,21,Restored
12,22,Restored
12,23,Restored
12,24,Restored
12,25,Restored
12,26,Restored
12,27,Restored
12,28,Restored
12,29,Restored
12,30,Restored
12,31,Restored
12,32,Restored
12,33,Restored
12,34,Restored
12,35,Outage
12,36,Restored
12,37,Restored
12,38,Restored
12,39,Restored
12,40,Restored
12,41,Restored
12,42,Restored
12,43,Restored
12,44,Restored
12,45,Restored
12,46,Restored
12,47,Restored
12,48,Restored
12,49,Restored
12,50,Restored
12,51,Restored
12,52,Restored
12,53,Outage
12,54,Restored
12,55,Restored
12,56,Restored
12,57,Outage
12,58,Restored
12,59,Restored
12,60,Restored
12,61,Restored
12,62,Restored
12,63,Restored
13,0,Outage
13,1,Outage
13,2,Outage
13,3,Restored
13,4,Restored
13,5,Outage
13,6,Outage
13,7,Outage
13,8,Outage
13,9,Restored
13,10,Restored
13,11,Restored
13,12,Restored
13,13,Restored
13,14,Restored
13,15,Restored
13,16,Restored
13,17,Restored
13,18,Restored
13,19,Restored
13,20,Restored
13,21,Restored
13,22,Restored
13,23,Restored
13,24,Restored
13,25,Restored
13,26,Restored
13,27,Restored
13,28,Restored
13,29,Outage
13,30,Restored
13,31,Restored
13,32,Restored
13,33,Restored
13,34,Outage
13,35,Restored
13,36,Restored
13,37,Restored
13,38,Restored
13,39,Restored
13,40,Restored
13,41,Restored
13,42,Restored
13,43,Restored
13,44,Restored
13,45,Restored
13,46,Restored
13,47,Restored
13,48,Restored
13,49,Restored
13,50,Restored
13,51,Restored
13,52,Restored
13,53,Restored
13,54,Restored
13,55,Restored
13,56,Restored
13,57,Restored
13,58,Restored
13,59,Restored
13,60,Restored
13,61,Restored
13,62,Outage
13,63,Outage
14,0,Outage
14,1,Outage
14,2,Outage
14,3,Restored
14,4,Restored
14,5,Restored
14,6,Outage
14,7,Restored
14,8,Restored
14,9,Restored
14,10,Restored
14,11,Restored
14,12,Restored
14,13,Restored
14,14,Restored
14,15,Restored
14,16,Restored
14,17,Restored
14,18,Restored
14,19,Restored
14,20,Restored
14,21,Restored
14,22,Restored
14,23,Restored
14,24,Restored
14,25,Restored
14,26,Restored
14,27,Restored
14,28,Restored
14,29,Restored
14,30,Restored
14,31,Restored
14,32,Restored
14,33,Restored
14,34,Restored
14,35,Restored
14,36,Restored
14,37,Restored
14,38,Restored
14,39,Restored
14,40,Restored
14,41,Restored
14,42,Restored
14,43,Restored
14,44,Restored
14,45,Restored
14,46,Restored
14,47,Restored
14,48,Restored
14,49,Restored
14,50,Restored
14,51,Restored
14,52,Restored
14,53,Restored
14,54,Restored
14,55,Restored
14,56,Restored
14,57,Restored
14,58,Restored
14,59,Restored
14,60,Restored
14,61,Outage
14,62,Restored
14,63,Outage
15,0,Outage
15,1,Outage
15,2,Restored
15,3,Restored
15,4,Restored
15,5,Restored
15,6,Restored
15,7,Outage
15,8,Restored
15,9,Restored
15,10,Restored
15,11,Restored
15,12,Restored
15,13,Restored
15,14,Outage
15,15,Restored
15,16,Restored
15,17,Restored
15,18,Restored
15,19,Restored
15,20,Restored
15,21,Restored
15,22,Restored
15,23,Restored
15,24,Restored
15,25,Restored
15,26,Restored
15,27,Restored
15,28,Restored
15,29,Restored
15,30,Restored
15,31,Restored
15,32,Restored
15,33,Restored
15,34,Restored
15,35,Restored
15,36,Restored
15,37,Restored
15,38,Restored
15,39,Restored
15,40,Restored
15,41,Restored
15,42,Restored
15,43,Restored
15,44,Restored
15,45,Restored
15,46,Restored
15,47,Restored
15,48,Restored
15,49,Restored
15,50,Restored
15,51,Restored
15,52,Restored
15,53,Restored
15,54,Restored
15,55,Restored
15,56,Restored
15,57,Restored
15,58,Restored
15,59,Restored
15,60,Restored
15,61,Restored
15,62,Restored
15,63,Restored
16,0,Restored
16,1,Restored
16,2,Restored
16,3,Restored
16,4,Restored
16,5,Restored
16,6,Restored
16,7,Restored
16,8,Restored
16,9,Restored
16,10,Restored
16,11,Restored
16,12,Restored
16,13,Restored
16,14,Outage
16,15,Outage
16,16,Restored
16,17,Restored
16,18,Restored
16,19,Restored
16,20,Restored
16,21,Restored
16,22,Restored
16,23,Restored
16,24,Restored
16,25,Restored
16,26,Restored
16,27,Restored
16,28,Restored
16,29,Restored
16,30,Restored
16,31,Restored
16,32,Restored
16,33,Restored
16,34,Restored
16,35,Restored
16,36,Restored
16,37,Restored
16,38,Restored
16,39,Restored
16,40,Restored
16,41,Restored
16,42,Restored
16,43,Restored
16,44,Restored
16,45,Restored
16,46,Restored
16,47,Restored
16,48,Restored
16,49,Restored
16,50,Restored
16,51,Restored
16,52,Restored
16,53,Restored
16,54,Restored
16,55,Restored
16,56,Restored
16,57,Restored
16,58,Restored
16,59,Restored
16,60,Restored
16,61,Restored
16,62,Restored
16,63,Restored
17,0,Restored
17,1,Restored
17,2,Restored
17,3,Restored
17,4,Restored
17,5,Restored
17,6,Restored
17,7,Restored
17,8,Restored
17,9,Restored
17,10,Restored
17,11,Restored
17,12,Restored
17,13,Restored
17,14,Restored
17,15,Restored
17,16,Restored
17,17,Restored
17,18,Outage
17,19,Restored
17,20,Restored
17,21,Restored
17,22,Restored
17,23,Restored
17,24,Restored
17,25,Restored
17,26,Outage
17,27,Outage
17,28,Restored
17,29,Restored
17,30,Restored
17,31,Restored
17,32,Restored
17,33,Restored
17,34,Restored
17,35,Restored
17,36,Restored
17,37,Outage
17,38,Outage
17,39,Outage
17,40,Outage
17,41,Restored
17,42,Restored
17,43,Outage
17,44,Restored
17,45,Restored
17,46,Restored
17,47,Restored
17,48,Restored
17,49,Restored
17,50,Restored
17,51,Restored
17,52,Restored
17,53,Restored
17,54,Restored
17,55,Restored
17,56,Restored
17,57,Restored
17,58,Restored
17,59,Restored
17,60,Restored
17,61,Restored
17,62,Restored
17,63,Restored
18,0,Restored
18,1,Restored
18,2,Restored
18,3,Restored
18,4,Restored
18,5,Restored
18,6,Restored
18,7,Restored
18,8,Restored
18,9,Restored
18,10,Restored
18,11,Restored
18,12,Restored
18,13,Restored
18,14,Outage
18,15,Restored
18,16,Restored
18,17,Outage
18,18,Outage
18,19,Outage
18,20,Outage
18,21,Restored
18,22,Restored
18,23,Restored
18,24,Restored
18,25,Restored
18,26,Outage
18,27,Outage
18,28,Outage
18,29,Restored
18,30,Outage
18,31,Restored
18,32,Restored
18,33,Restored
18,34,Restored
18,35,Restored
18,36,Outage
18,37,Outage
18,38,Restored
18,39,Restored
18,40,Outage
18,41,Restored
18,42,Restored
18,43,Outage
18,44,Restored
18,45,Restored
18,46,Restored
18,47,Restored
18,48,Restored
18,49,Restored
18,50,Restored
18,51,Restored
18,52,Restored
18,53,Restored
18,54,Restored
18,55,Restored
18,56,Restored
18,57,Restored
18,58,Restored
18,59,Restored
18,60,Restored
18,61,Restored
18,62,Restored
18,63,Restored
19,0,Restored
19,1,Restored
19,2,Outage
19,3,Restored
19,4,Restored
19,5,Restored
19,6,Restored
19,7,Restored
19,8,Restored
19,9,Restored
19,10,Restored
19,11,Restored
19,12,Restored
19,13,Restored
19,14,Outage
19,15,Restored
19,16,Outage
19,17,Outage
19,18,Outage
19,19,Outage
19,20,Outage
19,21,Restored
19,22,Restored
19,23,Restored
19,24,Restored
19,25,Restored
19,26,Outage
19,27,Restored
19,28,Outage
19,29,Outage
19,30,Restored
19,31,Restored
19,32,Restored
19,33,Restored
19,34,Restored
19,35,Restored
19,36,Restored
19,37,Outage
19,38,Outage
19,39,Restored
19,40,Restored
19,41,Restored
19,42,Restored
19,43,Outage
19,44,Restored
19,45,Restored
19,46,Restored
19,47,Restored
19,48,Restored
19,49,Restored
19,50,Restored
19,51,Restored
19,52,Restored
19,53,Restored
19,54,Restored
19,55,Restored
19,56,Restored
19,57,Restored
19,58,Restored
19,59,Restored
19,60,Restored
19,61,Restored
19,62,Restored
19,63,Restored
20,0,Outage
20,1,Outage
20,2,Outage
20,3,Restored
20,4,Restored
20,5,Restored
20,6,Restored
20,7,Restored
20,8,Restored
20,9,Restored
20,10,Restored
20,11,Restored
20,12,Restored
20,13,Restored
20,14,Restored
20,15,Restored
20,16,Restored
20,17,Outage
20,18,Outage
20,19,Restored
20,20,Outage
20,21,Restored
20,22,Restored
20,23,Restored
20,24,Restored
20,25,Outage
20,26,Outage
20,27,Outage
20,28,Outage
20,29,Outage
20,30,Outage
20,31,Restored
20,32,Restored
20,33,Outage
20,34,Restored
20,35,Restored
20,36,Restored
20,37,Restored
20,38,Restored
20,39,Restored
20,40,Restored
20,41,Restored
20,42,Restored
20,43,Restored
20,44,Restored
20,45,Restored
20,46,Restored
20,47,Restored
20,48,Restored
20,49,Restored
20,50,Restored
20,51,Restored
20,52,Restored
20,53,Restored
20,54,Restored
20,55,Restored
20,56,Restored
20,57,Restored
20,58,Restored
20,59,Restored
20,60,Restored
20,61,Restored
20,62,Restored
20,63,Restored
21,0,Outage
21,1,Restored
21,2,Restored
21,3,Restored
21,4,Restored
21,5,Restored
21,6,Restored
21,7,Restored
21,8,Restored
21,9,Restored
21,10,Restored
21,11,Restored
21,12,Restored
21,13,Restored
21,14,Restored
21,15,Restored
21,16,Restored
21,17,Restored
21,18,Restored
21,19,Restored
21,20,Restored
21,21,Restored
21,22,Restored
21,23,Outage
21,24,Outage
21,25,Outage
21,26,Outage
21,27,Outage
21,28,Outage
21,29,Outage
21,30,Outage
21,31,Restored
21,32,Restored
21,33,Outage
21,34,Restored
21,35,Restored
21,36,Restored
21,37,Restored
21,38,Restored
21,39,Same
21,40,Same
21,41,Restored
21,42,Restored
21,43,Same
21,44,Restored
21,45,Same
21,46,Restored
21,47,Restored
21,48,Restored
21,49,Restored
21,50,Restored
21,51,Restored
21,52,Restored
21,53,Restored
21,54,Restored
21,55,Restored
21,56,Restored
21,57,Restored
21,58,Restored
21,59,Restored
21,60,Restored
21,61,Restored
21,62,Restored
21,63,Restored
22,0,Outage
22,1,Restored
22,2,Restored
22,3,Restored
22,4,Restored
22,5,Restored
22,6,Restored
22,7,Restored
22,8,Restored
22,9,Restored
22,10,Restored
22,11,Restored
22,12,Restored
22,13,Restored
22,14,Restored
22,15,Restored
22,16,Restored
22,17,Restored
22,18,Restored
22,19,Restored
22,20,Outage
22,21,Outage
22,22,Outage
22,23,Restored
22,24,Restored
22,25,Outage
22,26,Outage
22,27,Outage
22,28,Outage
22,29,Restored
22,30,Restored
22,31,Restored
22,32,Restored
22,33,Restored
22,34,Restored
22,35,Restored
22,36,Restored
22,37,Same
22,38,Same
22,39,Same
22,40,Same
22,41,Restored
22,42,Same
22,43,Same
22,44,Same
22,45,Restored
22,46,Restored
22,47,Restored
22,48,Restored
22,49,Restored
22,50,Restored
22,51,Restored
22,52,Restored
22,53,Restored
22,54,Restored
22,55,Restored
22,56,Restored
22,57,Restored
22,58,Restored
22,59,Restored
22,60,Restored
22,61,Restored
22,62,Outage
22,63,Outage
23,0,Outage
23,1,Outage
23,2,Restored
23,3,Restored
23,4,Restored
23,5,Restored
23,6,Restored
23,7,Restored
23,8,Restored
23,9,Restored
23,10,Restored
23,11,Restored
23,12,Restored
23,13,Restored
23,14,Restored
23,15,Outage
23,16,Restored
23,17,Restored
23,18,Restored
23,19,Restored
23,20,Restored
23,21,Outage
23,22,Outage
23,23,Restored
23,24,Restored
23,25,Outage
23,26,Outage
23,27,Outage
23,28,Outage
23,29,Restored
23,30,Restored
23,31,Restored
23,32,Restored
23,33,Restored
23,34,Restored
23,35,Restored
23,36,Restored
23,37,Restored
23,38,Same
23,39,Same
23,40,Same
23,41,Restored
23,42,Same
23,43,Same
23,44,Restored
23,45,Same
23,46,Restored
23,47,Restored
23,48,Restored
23,49,Outage
23,50,Restored
23,51,Restored
23,52,Restored
23,53,Restored
23,54,Restored
23,55,Restored
23,56,Restored
23,57,Restored
23,58,Restored
23,59,Restored
23,60,Restored
23,61,Restored
23,62,Restored
23,63,Restored
24,0,Outage
24,1,Restored
24,2,Restored
24,3,Restored
24,4,Restored
24,5,Restored
24,6,Restored
24,7,Restored
24,8,Restored
24,9,Restored
24,10,Restored
24,11,Restored
24,12,Restored
24,13,Restored
24,14,Restored
24,15,Outage
24,16,Outage
24,17,Restored
24,18,Restored
24,19,Restored
24,20,Outage
24,21,Outage
24,22,Outage
24,23,Restored
24,24,Outage
24,25,Outage
24,26,Outage
24,27,Outage
24,28,Outage
24,29,Outage
24,30,Restored
24,31,Restored
24,32,Restored
24,33,Restored
24,34,Outage
24,35,Restored
24,36,Restored
24,37,Same
24,38,Same
24,39,Same
24,40,Same
24,41,Same
24,42,Same
24,43,Same
24,44,Same
24,45,Restored
24,46,Restored
24,47,Restored
24,48,Restored
24,49,Restored
24,50,Restored
24,51,Restored
24,52,Restored
24,53,Restored
24,54,Restored
24,55,Restored
24,56,Restored
24,57,Restored
24,58,Restored
24,59,Restored
24,60,Restored
24,61,Restored
24,62,Restored
24,63,Restored
25,0,Restored
25,1,Restored
25,2,Restored
25,3,Restored
25,4,Restored
25,5,Outage
25,6,Outage
25,7,Restored
25,8,Restored
25,9,Outage
25,10,Outage
25,11,Restored
25,12,Restored
25,13,Restored
25,14,Outage
25,15,Outage
25,16,Outage
25,17,Restored
25,18,Restored
25,19,Restored
25,20,Outage
25,21,Restored
25,22,Outage
25,23,Outage
25,24,Restored
25,25,Outage
25,26,Outage
25,27,Outage
25,28,Outage
25,29,Outage
25,30,Restored
25,31,Restored
25,32,Restored
25,33,Restored
25,34,Restored
25,35,Restored
25,36,Restored
25,37,Same
25,38,Same
25,39,Same
25,40,Same
25,41,Same
25,42,Same
25,43,Same
25,44,Same
25,45,Same
25,46,Restored
25,47,Restored
25,48,Restored
25,49,Restored
25,50,Restored
25,51,Restored
25,52,Restored
25,53,Restored
25,54,Outage
25,55,Restored
25,56,Restored
25,57,Restored
25,58,Restored
25,59,Restored
25,60,Restored
25,61,Restored
25,62,Restored
25,63,Outage
26,0,Restored
26,1,Restored
26,2,Restored
26,3,Restored
26,4,Restored
26,5,Outage
26,6,Outage
26,7,Restored
26,8,Restored
26,9,Outage
26,10,Outage
26,11,Restored
26,12,Restored
26,13,Restored
26,14,Restored
26,15,Restored
26,16,Restored
26,17,Restored
26,18,Restored
26,19,Restored
26,20,Outage
26,21,Outage
26,22,Outage
26,23,Outage
26,24,Outage
26,25,Outage
26,26,Outage
26,27,Restored
26,28,Restored
26,29,Restored
26,30,Restored
26,31,Restored
26,32,Restored
26,33,Restored
26,34,Restored
26,35,Same
26,36,Restored
26,37,Same
26,38,Same
26,39,Same
26,40,Same
26,41,Same
26,42,Same
26,43,Same
26,44,Same
26,45,Same
26,46,Same
26,47,Restored
26,48,Restored
26,49,Restored
26,50,Restored
26,51,Restored
26,52,Restored
26,53,Restored
26,54,Outage
26,55,Restored
26,56,Restored
26,57,Restored
26,58,Restored
26,59,Restored
26,60,Restored
26,61,Restored
26,62,Restored
26,63,Outage
27,0,Restored
27,1,Restored
27,2,Restored
27,3,Restored
27,4,Outage
27,5,Outage
27,6,Outage
27,7,Restored
27,8,Restored
27,9,Restored
27,10,Restored
27,11,Restored
27,12,Restored
27,13,Restored
27,14,Restored
27,15,Restored
27,16,Restored
27,17,Restored
27,18,Restored
27,19,Restored
27,20,Outage
27,21,Outage
27,22,Outage
27,23,Outage
27,24,Outage
27,25,Outage
27,26,Outage
27,27,Outage
27,28,Restored
27,29,Restored
27,30,Restored
27,31,Restored
27,32,Restored
27,33,Restored
27,34,Restored
27,35,Restored
27,36,Same
27,37,Same
27,38,Same
27,39,Same
27,40,Same
27,41,Same
27,42,Same
27,43,Same
27,44,Same
27,45,Same
27,46,Same
27,47,Restored
27,48,Restored
27,49,Restored
27,50,Restored
27,51,Restored
27,52,Restored
27,53,Restored
27,54,Restored
27,55,Restored
27,56,Restored
27,57,Outage
27,58,Outage
27,59,Restored
27,60,Restored
27,61,Restored
27,62,Restored
27,63,Restored
28,0,Restored
28,1,Outage
28,2,Outage
28,3,Restored
28,4,Restored
28,5,Restored
28,6,Restored
28,7,Restored
28,8,Restored
28,9,Restored
28,10,Restored
28,11,Restored
28,12,Restored
28,13,Outage
28,14,Outage
28,15,Outage
28,16,Outage
28,17,Restored
28,18,Restored
28,19,Restored
28,20,Outage
28,21,Outage
28,22,Outage
28,23,Outage
28,24,Outage
28,25,Outage
28,26,Outage
28,27,Outage
28,28,Restored
28,29,Restored
28,30,Restored
28,31,Restored
28,32,Restored
28,33,Restored
28,34,Restored
28,35,Restored
28,36,Same
28,37,Same
28,38,Same
28,39,Same
28,40,Same
28,41,Same
28,42,Same
28,43,Same
28,44,Same
28,45,Same
28,46,Same
28,47,Restored
28,48,Restored
28,49,Restored
28,50,Restored
28,51,Restored
28,52,Restored
28,53,Restored
28,54,Restored
28,55,Restored
28,56,Restored
28,57,Restored
28,58,Restored
28,59,Restored
28,60,Restored
28,61,Restored
28,62,Restored
28,63,Restored
29,0,Restored
29,1,Restored
29,2,Outage
29,3,Restored
29,4,Restored
29,5,Restored
29,6,Restored
29,7,Restored
29,8,Restored
29,9,Restored
29,10,Restored
29,11,Restored
29,12,Restored
29,13,Outage
29,14,Outage
29,15,Restored
29,16,Restored
29,17,Restored
29,18,Restored
29,19,Restored
29,20,Restored
29,21,Outage
29,22,Outage
29,23,Outage
29,24,Outage
29,25,Outage
29,26,Restored
29,27,Outage
29,28,Restored
29,29,Restored
29,30,Restored
29,31,Restored
29,32,Restored
29,33,Restored
29,34,Restored
29,35,Restored
29,36,Same
29,37,Same
29,38,Same
29,39,Same
29,40,Same
29,41,Same
29,42,Same
29,43,Same
29,44,Same
29,45,Same
29,46,Same
29,47,Restored
29,48,Restored
29,49,Restored
29,50,Restored
29,51,Restored
29,52,Restored
29,53,Restored
29,54,Restored
29,55,Restored
29,56,Restored
29,57,Restored
29,58,Restored
29,59,Restored
29,60,Restored
29,61,Restored
29,62,Restored
29,63,Restored
30,0,Restored
30,1,Restored
30,2,Restored
30,3,Restored
30,4,Restored
30,5,Restored
30,6,Restored
30,7,Restored
30,8,Restored
30,9,Restored
30,10,Restored
30,11,Restored
30,12,Outage
30,13,Outage
30,14,Outage
30,15,Outage
30,16,Outage
30,17,Restored
30,18,Restored
30,19,Restored
30,20,Outage
30,21,Outage
30,22,Outage
30,23,Outage
30,24,Outage
30,25,Outage
30,26,Outage
30,27,Restored
30,28,Restored
30,29,Restored
30,30,Restored
30,31,Restored
30,32,Restored
30,33,Restored
30,34,Restored
30,35,Restored
30,36,Same
30,37,Same
30,38,Same
30,39,Same
30,40,Same
30,41,Restored
30,42,Same
30,43,Same
30,44,Same
30,45,Same
30,46,Same
30,47,Restored
30,48,Restored
30,49,Restored
30,50,Restored
30,51,Outage
30,52,Restored
30,53,Restored
30,54,Restored
30,55,Restored
30,56,Restored
30,57,Restored
30,58,Restored
30,59,Restored
30,60,Restored
30,61,Restored
30,62,Restored
30,63,Restored
31,0,Restored
31,1,Restored
31,2,Restored
31,3,Restored
31,4,Restored
31,5,Restored
31,6,Restored
31,7,Restored
31,8,Restored
31,9,Restored
31,10,Restored
31,11,Restored
31,12,Outage
31,13,Outage
31,14,Outage
31,15,Outage
31,16,Outage
31,17,Outage
31,18,Restored
31,19,Restored
31,20,Restored
31,21,Outage
31,22,Restored
31,23,Outage
31,24,Outage
31,25,Outage
31,26,Outage
31,27,Outage
31,28,Restored
31,29,Restored
31,30,Restored
31,31,Restored
31,32,Restored
31,33,Restored
31,34,Restored
31,35,Same
31,36,Same
31,37,Same
31,38,Same
31,39,Restored
31,40,Restored
31,41,Restored
31,42,Restored
31,43,Restored
31,44,Same
31,45,Same
31,46,Restored
31,47,Restored
31,48,Restored
31,49,Restored
31,50,Restored
31,51,Restored
31,52,Restored
31,53,Restored
31,54,Restored
31,55,Restored
31,56,Restored
31,57,Restored
31,58,Restored
31,59,Restored
31,60,Restored
31,61,Restored
31,62,Restored
31,63,Restored
32,0,Restored
32,1,Restored
32,2,Restored
32,3,Restored
32,4,Restored
32,5,Restored
32,6,Restored
32,7,Restored
32,8,Restored
32,9,Restored
32,10,Outage
32,11,Outage
32,12,Outage
32,13,Outage
32,14,Outage
32,15,Outage
32,16,Outage
32,17,Outage
32,18,Restored
32,19,Restored
32,20,Restored
32,21,Restored
32,22,Restored
32,23,Restored
32,24,Outage
32,25,Outage
32,26,Outage
32,27,Outage
32,28,Restored
32,29,Outage
32,30,Outage
32,31,Restored
32,32,Restored
32,33,Restored
32,34,Restored
32,35,Same
32,36,Same
32,37,Same
32,38,Restored
32,39,Restored
32,40,Restored
32,41,Restored
32,42,Restored
32,43,Restored
32,44,Same
32,45,Same
32,46,Restored
32,47,Restored
32,48,Restored
32,49,Restored
32,50,Restored
32,51,Restored
32,52,Restored
32,53,Restored
32,54,Restored
32,55,Restored
32,56,Restored
32,57,Restored
32,58,Restored
32,59,Restored
32,60,Restored
32,61,Restored
32,62,Restored
32,63,Restored
33,0,Restored
33,1,Restored
33,2,Restored
33,3,Restored
33,4,Restored
33,5,Restored
33,6,Restored
33,7,Restored
33,8,Restored
33,9,Restored
33,10,Outage
33,11,Outage
33,12,Outage
33,13,Outage
33,14,Outage
33,15,Outage
33,16,Outage
33,17,Outage
33,18,Restored
33,19,Restored
33,20,Restored
33,21,Restored
33,22,Outage
33,23,Outage
33,24,Outage
33,25,Outage
33,26,Outage
33,27,Outage
33,28,Restored
33,29,Outage
33,30,Outage
33,31,Restored
33,32,Restored
33,33,Restored
33,34,Restored
33,35,Same
33,36,Same
33,37,Restored
33,38,Same
33,39,Restored
33,40,Restored
33,41,Restored
33,42,Restored
33,43,Restored
33,44,Same
33,45,Same
33,46,Same
33,47,Restored
33,48,Restored
33,49,Restored
33,50,Restored
33,51,Restored
33,52,Restored
33,53,Restored
33,54,Restored
33,55,Restored
33,56,Restored
33,57,Restored
33,58,Restored
33,59,Restored
33,60,Restored
33,61,Restored
33,62,Restored
33,63,Restored
34,0,Restored
34,1,Restored
34,2,Restored
34,3,Restored
34,4,Restored
34,5,Restored
34,6,Restored
34,7,Restored
34,8,Restored
34,9,Restored
34,10,Restored
34,11,Outage
34,12,Outage
34,13,Restored
34,14,Outage
34,15,Outage
34,16,Outage
34,17,Outage
34,18,Outage
34,19,Restored
34,20,Restored
34,21,Outage
34,22,Outage
34,23,Outage
34,24,Restored
34,25,Outage
34,26,Outage
34,27,Outage
34,28,Restored
34,29,Restored
34,30,Restored
34,31,Restored
34,32,Restored
34,33,Restored
34,34,Restored
34,35,Restored
34,36,Restored
34,37,Restored
34,38,Restored
34,39,Same
34,40,Same
34,41,Same
34,42,Same
34,43,Same
34,44,Same
34,45,Same
34,46,Same
34,47,Restored
34,48,Same
34,49,Restored
34,50,Restored
34,51,Restored
34,52,Restored
34,53,Restored
34,54,Restored
34,55,Restored
34,56,Restored
34,57,Restored
34,58,Restored
34,59,Restored
34,60,Restored
34,61,Restored
34,62,Restored
34,63,Restored
35,0,Restored
35,1,Restored
35,2,Restored
35,3,Restored
35,4,Restored
35,5,Restored
35,6,Restored
35,7,Restored
35,8,Restored
35,9,Restored
35,10,Restored
35,11,Restored
35,12,Restored
35,13,Outage
35,14,Outage
35,15,Outage
35,16,Restored
35,17,Outage
35,18,Outage
35,19,Outage
35,20,Outage
35,21,Outage
35,22,Outage
35,23,Outage
35,24,Outage
35,25,Outage
35,26,Outage
35,27,Restored
35,28,Restored
35,29,Restored
35,30,Restored
35,31,Restored
35,32,Restored
35,33,Restored
35,34,Restored
35,35,Restored
35,36,Restored
35,37,Restored
35,38,Restored
35,39,Same
35,40,Same
35,41,Same
35,42,Same
35,43,Same
35,44,Same
35,45,Same
35,46,Restored
35,47,Restored
35,48,Restored
35,49,Restored
35,50,Restored
35,51,Restored
35,52,Restored
35,53,Restored
35,54,Restored
35,55,Restored
35,56,Restored
35,57,Restored
35,58,Restored
35,59,Restored
35,60,Restored
35,61,Restored
35,62,Restored
35,63,Restored
36,0,Restored
36,1,Restored
36,2,Restored
36,3,Restored
36,4,Restored
36,5,Restored
36,6,Restored
36,7,Restored
36,8,Restored
36,9,Restored
36,10,Restored
36,11,Restored
36,12,Outage
36,13,Outage
36,14,Restored
36,15,Restored
36,16,Restored
36,17,Outage
36,18,Outage
36,19,Outage
36,20,Outage
36,21,Outage
36,22,Outage
36,23,Outage
36,24,Restored
36,25,Outage
36,26,Restored
36,27,Restored
36,28,Restored
36,29,Restored
36,30,Restored
36,31,Outage
36,32,Restored
36,33,Restored
36,34,Restored
36,35,Restored
36,36,Restored
36,37,Restored
36,38,Restored
36,39,Same
36,40,Same
36,41,Same
36,42,Same
36,43,Same
36,44,Same
36,45,Restored
36,46,Restored
36,47,Restored
36,48,Restored
36,49,Restored
36,50,Restored
36,51,Restored
36,52,Restored
36,53,Restored
36,54,Restored
36,55,Restored
36,56,Restored
36,57,Restored
36,58,Restored
36,59,Restored
36,60,Restored
36,61,Restored
36,62,Restored
36,63,Restored
37,0,Restored
37,1,Restored
37,2,Restored
37,3,Restored
37,4,Restored
37,5,Restored
37,6,Restored
37,7,Restored
37,8,Restored
37,9,Restored
37,10,Restored
37,11,Outage
37,12,Outage
37,13,Outage
37,14,Restored
37,15,Restored
37,16,Restored
37,17,Restored
37,18,Outage
37,19,Outage
37,20,Outage
37,21,Outage
37,22,Restored
37,23,Restored
37,24,Outage
37,25,Restored
37,26,Restored
37,27,Restored
37,28,Restored
37,29,Restored
37,30,Restored
37,31,Outage
37,32,Restored
37,33,Restored
37,34,Restored
37,35,Restored
37,36,Restored
37,37,Restored
37,38,Restored
37,39,Same
37,40,Same
37,41,Same
37,42,Same
37,43,Same
37,44,Restored
37,45,Restored
37,46,Restored
37,47,Restored
37,48,Restored
37,49,Restored
37,50,Restored
37,51,Restored
37,52,Restored
37,53,Restored
37,54,Restored
37,55,Restored
37,56,Restored
37,57,Restored
37,58,Restored
37,59,Restored
37,60,Restored
37,61,Restored
37,62,Restored
37,63,Restored
38,0,Restored
38,1,Restored
38,2,Restored
38,3,Restored
38,4,Restored
38,5,Restored
38,6,Restored
38,7,Restored
38,8,Restored
38,9,Restored
38,10,Restored
38,11,Outage
38,12,Restored
38,13,Restored
38,14,Restored
38,15,Restored
38,16,Restored
38,17,Restored
38,18,Restored
38,19,Restored
38,20,Outage
38,21,Outage
38,22,Restored
38,23,Restored
38,24,Restored
38,25,Restored
38,26,Restored
38,27,Restored
38,28,Restored
38,29,Restored
38,30,Restored
38,31,Restored
38,32,Restored
38,33,Restored
38,34,Restored
38,35,Restored
38,36,Restored
38,37,Outage
38,38,Restored
38,39,Same
38,40,Same
38,41,Same
38,42,Same
38,43,Restored
38,44,Outage
38,45,Outage
38,46,Restored
38,47,Restored
38,48,Outage
38,49,Restored
38,50,Restored
38,51,Restored
38,52,Restored
38,53,Restored
38,54,Restored
38,55,Restored
38,56,Restored
38,57,Restored
38,58,Restored
38,59,Restored
38,60,Restored
38,61,Restored
38,62,Restored
38,63,Restored
39,0,Restored
39,1,Restored
39,2,Restored
39,3,Restored
39,4,Restored
39,5,Restored
39,6,Restored
39,7,Restored
39,8,Restored
39,9,Restored
39,10,Outage
39,11,Outage
39,12,Outage
39,13,Outage
39,14,Outage
39,15,Outage
39,16,Restored
39,17,Restored
39,18,Restored
39,19,Restored
39,20,Outage
39,21,Restored
39,22,Restored
39,23,Restored
39,24,Restored
39,25,Outage
39,26,Restored
39,27,Restored
39,28,Restored
39,29,Restored
39,30,Restored
39,31,Restored
39,32,Restored
39,33,Restored
39,34,Restored
39,35,Restored
39,36,Restored
39,37,Restored
39,38,Restored
39,39,Same
39,40,Same
39,41,Same
39,42,Same
39,43,Same
39,44,Restored
39,45,Restored
39,46,Outage
39,47,Restored
39,48,Restored
39,49,Restored
39,50,Restored
39,51,Restored
39,52,Restored
39,53,Restored
39,54,Restored
39,55,Restored
39,56,Restored
39,57,Restored
39,58,Restored
39,59,Restored
39,60,Restored
39,61,Restored
39,62,Restored
39,63,Restored
40,0,Restored
40,1,Restored
40,2,Restored
40,3,Restored
40,4,Restored
40,5,Outage
40,6,Outage
40,7,Restored
40,8,Restored
40,9,Restored
40,10,Outage
40,11,Outage
40,12,Outage
40,13,Outage
40,14,Outage
40,15,Outage
40,16,Restored
40,17,Restored
40,18,Restored
40,19,Restored
40,20,Restored
40,21,Restored
40,22,Restored
40,23,Restored
40,24,Restored
40,25,Restored
40,26,Restored
40,27,Restored
40,28,Restored
40,29,Restored
40,30,Restored
40,31,Restored
40,32,Restored
40,33,Restored
40,34,Restored
40,35,Restored
40,36,Restored
40,37,Restored
40,38,Restored
40,39,Restored
40,40,Same
40,41,Same
40,42,Restored
40,43,Same
40,44,Restored
40,45,Restored
40,46,Restored
40,47,Restored
40,48,Restored
40,49,Restored
40,50,Restored
40,51,Restored
40,52,Restored
40,53,Restored
40,54,Restored
40,55,Restored
40,56,Restored
40,57,Restored
40,58,Restored
40,59,Restored
40,60,Restored
40,61,Restored
40,62,Restored
40,63,Restored
41,0,Outage
41,1,Restored
41,2,Restored
41,3,Restored
41,4,Restored
41,5,Restored
41,6,Outage
41,7,Restored
41,8,Restored
41,9,Restored
41,10,Restored
41,11,Restored
41,12,Restored
41,13,Outage
41,14,Outage
41,15,Outage
41,16,Restored
41,17,Outage
41,18,Restored
41,19,Outage
41,20,Restored
41,21,Restored
41,22,Restored
41,23,Restored
41,24,Restored
41,25,Outage
41,26,Outage
41,27,Restored
41,28,Restored
41,29,Restored
41,30,Restored
41,31,Restored
41,32,Outage
41,33,Outage
41,34,Restored
41,35,Restored
41,36,Restored
41,37,Restored
41,38,Restored
41,39,Restored
41,40,Restored
41,41,Same
41,42,Same
41,43,Same
41,44,Restored
41,45,Restored
41,46,Restored
41,47,Restored
41,48,Restored
41,49,Restored
41,50,Restored
41,51,Restored
41,52,Restored
41,53,Restored
41,54,Restored
41,55,Restored
41,56,Restored
41,57,Restored
41,58,Restored
41,59,Restored
41,60,Restored
41,61,Restored
41,62,Restored
41,63,Restored
42,0,Restored
42,1,Restored
42,2,Restored
42,3,Restored
42,4,Restored
42,5,Restored
42,6,Restored
42,7,Restored
42,8,Restored
42,9,Restored
42,10,Restored
42,11,Restored
42,12,Restored
42,13,Restored
42,14,Restored
42,15,Restored
42,16,Restored
42,17,Restored
42,18,Outage
42,19,Outage
42,20,Outage
42,21,Restored
42,22,Restored
42,23,Restored
42,24,Restored
42,25,Outage
42,26,Outage
42,27,Restored
42,28,Restored
42,29,Restored
42,30,Restored
42,31,Outage
42,32,Outage
42,33,Restored
42,34,Restored
42,35,Restored
42,36,Restored
42,37,Restored
42,38,Same
42,39,Restored
42,40,Restored
42,41,Same
42,42,Restored
42,43,Restored
42,44,Restored
42,45,Restored
42,46,Restored
42,47,Restored
42,48,Restored
42,49,Restored
42,50,Restored
42,51,Restored
42,52,Restored
42,53,Restored
42,54,Restored
42,55,Restored
42,56,Restored
42,57,Restored
42,58,Restored
42,59,Restored
42,60,Restored
42,61,Restored
42,62,Restored
42,63,Restored
43,0,Restored
43,1,Restored
43,2,Restored
43,3,Restored
43,4,Restored
43,5,Restored
43,6,Restored
43,7,Restored
43,8,Restored
43,9,Restored
43,10,Restored
43,11,Restored
43,12,Restored
43,13,Restored
43,14,Restored
43,15,Restored
43,16,Restored
43,17,Restored
43,18,Outage
43,19,Outage
43,20,Outage
43,21,Restored
43,22,Restored
43,23,Restored
43,24,Restored
43,25,Restored
43,26,Restored
43,27,Restored
43,28,Restored
43,29,Restored
43,30,Outage
43,31,Outage
43,32,Outage
43,33,Restored
43,34,Restored
43,35,Restored
43,36,Restored
43,37,Restored
43,38,Same
43,39,Same
43,40,Restored
43,41,Same
43,42,Restored
43,43,Restored
43,44,Restored
43,45,Restored
43,46,Restored
43,47,Restored
43,48,Restored
43,49,Restored
43,50,Restored
43,51,Restored
43,52,Restored
43,53,Restored
43,54,Restored
43,55,Restored
43,56,Restored
43,57,Restored
43,58,Restored
43,59,Restored
43,60,Restored
43,61,Restored
43,62,Restored
43,63,Restored
44,0,Restored
44,1,Restored
44,2,Restored
44,3,Restored
44,4,Restored
44,5,Restored
44,6,Restored
44,7,Restored
44,8,Restored
44,9,Restored
44,10,Restored
44,11,Restored
44,12,Restored
44,13,Restored
44,14,Restored
44,15,Restored
44,16,Restored
44,17,Restored
44,18,Outage
44,19,Outage
44,20,Restored
44,21,Restored
44,22,Restored
44,23,Restored
44,24,Restored
44,25,Outage
44,26,Restored
44,27,Restored
44,28,Restored
44,29,Outage
44,30,Outage
44,31,Restored
44,32,Restored
44,33,Restored
44,34,Restored
44,35,Restored
44,36,Restored
44,37,Restored
44,38,Restored
44,39,Same
44,40,Same
44,41,Same
44,42,Restored
44,43,Restored
44,44,Restored
44,45,Restored
44,46,Restored
44,47,Restored
44,48,Restored
44,49,Restored
44,50,Restored
44,51,Restored
44,52,Restored
44,53,Restored
44,54,Restored
44,55,Restored
44,56,Restored
44,57,Restored
44,58,Restored
44,59,Restored
44,60,Restored
44,61,Restored
44,62,Restored
44,63,Restored
45,0,Restored
45,1,Restored
45,2,Restored
45,3,Restored
45,4,Restored
45,5,Restored
45,6,Restored
45,7,Restored
45,8,Restored
45,9,Restored
45,10,Restored
45,11,Restored
45,12,Restored
45,13,Restored
45,14,Restored
45,15,Restored
45,16,Restored
45,17,Outage
45,18,Outage
45,19,Outage
45,20,Restored
45,21,Restored
45,22,Restored
45,23,Outage
45,24,Outage
45,25,Restored
45,26,Outage
45,27,Outage
45,28,Restored
45,29,Outage
45,30,Outage
45,31,Restored
45,32,Restored
45,33,Restored
45,34,Restored
45,35,Restored
45,36,Restored
45,37,Restored
45,38,Restored
45,39,Restored
45,40,Same
45,41,Same
45,42,Restored
45,43,Restored
45,44,Restored
45,45,Restored
45,46,Restored
45,47,Restored
45,48,Restored
45,49,Restored
45,50,Restored
45,51,Restored
45,52,Restored
45,53,Restored
45,54,Restored
45,55,Restored
45,56,Restored
45,57,Restored
45,58,Restored
45,59,Restored
45,60,Restored
45,61,Restored
45,62,Restored
45,63,Restored
46,0,Restored
46,1,Restored
46,2,Restored
46,3,Restored
46,4,Restored
46,5,Restored
46,6,Restored
46,7,Restored
46,8,Restored
46,9,Restored
46,10,Restored
46,11,Restored
46,12,Restored
46,13,Restored
46,14,Restored
46,15,Restored
46,16,Restored
46,17,Outage
46,18,Outage
46,19,Outage
46,20,Restored
46,21,Restored
46,22,Outage
46,23,Outage
46,24,Restored
46,25,Restored
46,26,Restored
46,27,Outage
46,28,Restored
46,29,Restored
46,30,Outage
46,31,Outage
46,32,Restored
46,33,Restored
46,34,Restored
46,35,Restored
46,36,Restored
46,37,Restored
46,38,Restored
46,39,Restored
46,40,Same
46,41,Same
46,42,Restored
46,43,Restored
46,44,Restored
46,45,Restored
46,46,Restored
46,47,Restored
46,48,Restored
46,49,Restored
46,50,Restored
46,51,Restored
46,52,Restored
46,53,Restored
46,54,Restored
46,55,Restored
46,56,Restored
46,57,Restored
46,58,Restored
46,59,Restored
46,60,Restored
46,61,Restored
46,62,Restored
46,63,Restored
47,0,Restored
47,1,Restored
47,2,Restored
47,3,Restored
47,4,Restored
47,5,Restored
47,6,Restored
47,7,Restored
47,8,Restored
47,9,Restored
47,10,Restored
47,11,Restored
47,12,Restored
47,13,Restored
47,14,Outage
47,15,Restored
47,16,Restored
47,17,Outage
47,18,Outage
47,19,Restored
47,20,Restored
47,21,Outage
47,22,Outage
47,23,Outage
47,24,Restored
47,25,Outage
47,26,Restored
47,27,Restored
47,28,Restored
47,29,Restored
47,30,Outage
47,31,Restored
47,32,Restored
47,33,Restored
47,34,Restored
47,35,Restored
47,36,Restored
47,37,Restored
47,38,Restored
47,39,Restored
47,40,Same
47,41,Same
47,42,Restored
47,43,Restored
47,44,Outage
47,45,Restored
47,46,Restored
47,47,Restored
47,48,Restored
47,49,Restored
47,50,Restored
47,51,Restored
47,52,Restored
47,53,Restored
47,54,Restored
47,55,Restored
47,56,Restored
47,57,Restored
47,58,Restored
47,59,Restored
47,60,Restored
47,61,Restored
47,62,Restored
47,63,Restored
